{"cameraMode":{"drawMode":0,"name":"Shaded","section":"Shading Mode"},"sceneLighting":true,"audioPlay":false,"sceneViewState":{"showFog":true,"showMaterialUpdate":false,"showSkybox":true,"showFlares":true,"showImageEffects":true,"showParticleSystems":true},"in2DMode":false,"pivot":{"x":-87.44544982910156,"y":244.4571533203125,"z":187.755615234375},"rotation":{"x":0.05926169455051422,"y":0.8901486992835999,"z":-0.43528127670288088,"w":0.12117563933134079},"size":369.4552307128906,"orthographic":false}